{
  "verification": "cad",
  "tau_mm3": 1.0,
  "tau_decide_mm3": 1.0,
  "binary_p_star": null,
  "seed": 12345,
  "n_starts": 100,
  "n_changed": 94,
  "n_unchanged": 6,
  "changed_rate": 0.94,
  "mean_normalized_distance": 0.3157567391932473,
  "median_normalized_distance": 0.18212032136191714,
  "mean_normalized_distance_changed": 0.33591142467366736,
  "mean_l1": 0.7172636253954675,
  "median_l1": 0.39017772457820327,
  "mean_active_coordinates": 5.77,
  "median_active_coordinates": 5.0,
  "mean_l2_recovered": 0.32601809924072583,
  "mean_l1_recovered": 0.7456368551054375,
  "mean_l0_recovered": 6.1208791208791204,
  "n_recovered_for_proximity": 91,
  "mlp_clean_count": 98,
  "mlp_clean_rate": 0.98,
  "verified_count": 100,
  "verified_clean_count": 91,
  "verified_clean_rate": 0.91,
  "false_success_count": 7,
  "false_success_rate": 0.07,
  "missed_clean_count": 0,
  "build_fail_count": 0,
  "mean_start_overlap_mm3": 281156.11637543864,
  "median_start_overlap_mm3": 2078.8225410195478,
  "mean_final_overlap_mm3": 33299.33294320205,
  "median_final_overlap_mm3": 0.0,
  "mean_log10_overlap_reduction": 11.213231513895535,
  "sweep": [
    {
      "gate": "reg",
      "tau_decide_mm3": 1.0,
      "p_star": null,
      "verified_count": 100,
      "verified_clean_count": 91,
      "false_success_count": 7,
      "mlp_clean_count": 98,
      "proximity_n": 91,
      "mean_l2": 0.32601809924072583,
      "mean_l1": 0.7456368551054375,
      "mean_l0": 6.1208791208791204,
      "mean_final_overlap_mm3": 33299.33294320205
    },
    {
      "gate": "reg",
      "tau_decide_mm3": 0.5,
      "p_star": null,
      "verified_count": 100,
      "verified_clean_count": 94,
      "false_success_count": 4,
      "mlp_clean_count": 98,
      "proximity_n": 94,
      "mean_l2": 0.32366447517525637,
      "mean_l1": 0.7425321858616216,
      "mean_l0": 6.202127659574468,
      "mean_final_overlap_mm3": 33404.816009145514
    },
    {
      "gate": "reg",
      "tau_decide_mm3": 0.1,
      "p_star": null,
      "verified_count": 100,
      "verified_clean_count": 97,
      "false_success_count": 1,
      "mlp_clean_count": 98,
      "proximity_n": 97,
      "mean_l2": 0.33784624026725624,
      "mean_l1": 0.7844432099962161,
      "mean_l0": 6.371134020618556,
      "mean_final_overlap_mm3": 33199.44876041324
    },
    {
      "gate": "reg",
      "tau_decide_mm3": 0.01,
      "p_star": null,
      "verified_count": 100,
      "verified_clean_count": 98,
      "false_success_count": 0,
      "mlp_clean_count": 95,
      "proximity_n": 98,
      "mean_l2": 0.34452892492706316,
      "mean_l1": 0.8221713081698852,
      "mean_l0": 6.846938775510204,
      "mean_final_overlap_mm3": 33199.361524813605
    }
  ],
  "wall_s_total": 203.18149308301508,
  "wall_s_per_start": 2.031814930830151
}
