{
  "verification": "cad",
  "tau_mm3": 1.0,
  "tau_decide_mm3": 1.0,
  "binary_p_star": null,
  "seed": 12345,
  "n_starts": 100,
  "n_changed": 94,
  "n_unchanged": 6,
  "changed_rate": 0.94,
  "mean_normalized_distance": 0.14857482361172725,
  "median_normalized_distance": 0.07779506870270902,
  "mean_normalized_distance_changed": 0.15805832299119918,
  "mean_l1": 0.34300574466020045,
  "median_l1": 0.1956131869658533,
  "mean_active_coordinates": 7.16,
  "median_active_coordinates": 8.0,
  "mean_l2_recovered": 0.14321956535541905,
  "mean_l1_recovered": 0.32466895059563533,
  "mean_l0_recovered": 7.5131578947368425,
  "n_recovered_for_proximity": 76,
  "mlp_clean_count": 92,
  "mlp_clean_rate": 0.92,
  "verified_count": 100,
  "verified_clean_count": 76,
  "verified_clean_rate": 0.76,
  "false_success_count": 19,
  "false_success_rate": 0.19,
  "missed_clean_count": 3,
  "build_fail_count": 0,
  "mean_start_overlap_mm3": 281156.11637543864,
  "median_start_overlap_mm3": 2078.8225410195478,
  "mean_final_overlap_mm3": 16261.011184467778,
  "median_final_overlap_mm3": 0.0,
  "mean_log10_overlap_reduction": 9.305166441183134,
  "sweep": [
    {
      "gate": "reg",
      "tau_decide_mm3": 1.0,
      "p_star": null,
      "verified_count": 100,
      "verified_clean_count": 76,
      "false_success_count": 19,
      "mlp_clean_count": 92,
      "proximity_n": 76,
      "mean_l2": 0.14321956535541905,
      "mean_l1": 0.32466895059563533,
      "mean_l0": 7.5131578947368425,
      "mean_final_overlap_mm3": 16261.011184467778
    },
    {
      "gate": "reg",
      "tau_decide_mm3": 0.5,
      "p_star": null,
      "verified_count": 100,
      "verified_clean_count": 81,
      "false_success_count": 14,
      "mlp_clean_count": 91,
      "proximity_n": 81,
      "mean_l2": 0.1546350617238148,
      "mean_l1": 0.35766057639727755,
      "mean_l0": 7.6419753086419755,
      "mean_final_overlap_mm3": 16199.74754269689
    },
    {
      "gate": "reg",
      "tau_decide_mm3": 0.1,
      "p_star": null,
      "verified_count": 100,
      "verified_clean_count": 89,
      "false_success_count": 6,
      "mlp_clean_count": 89,
      "proximity_n": 89,
      "mean_l2": 0.1707587092803395,
      "mean_l1": 0.40575312223284393,
      "mean_l0": 7.955056179775281,
      "mean_final_overlap_mm3": 16151.885266811232
    },
    {
      "gate": "reg",
      "tau_decide_mm3": 0.01,
      "p_star": null,
      "verified_count": 100,
      "verified_clean_count": 92,
      "false_success_count": 3,
      "mlp_clean_count": 84,
      "proximity_n": 92,
      "mean_l2": 0.19986757663905982,
      "mean_l1": 0.45600765904720963,
      "mean_l0": 7.717391304347826,
      "mean_final_overlap_mm3": 16122.98821424481
    }
  ],
  "wall_s_total": 690.0089365000022,
  "wall_s_per_start": 6.900089365000022
}
