{
  "verification": "cad",
  "tau_mm3": 1.0,
  "tau_decide_mm3": 1.0,
  "binary_p_star": null,
  "seed": 12345,
  "n_starts": 100,
  "n_changed": 94,
  "n_unchanged": 6,
  "changed_rate": 0.94,
  "mean_normalized_distance": 0.30733136871393485,
  "median_normalized_distance": 0.18308007034522275,
  "mean_normalized_distance_changed": 0.3269482645892923,
  "mean_l1": 0.6636345789557241,
  "median_l1": 0.39736366669506196,
  "mean_active_coordinates": 5.04,
  "median_active_coordinates": 5.0,
  "mean_l2_recovered": 0.32343964621647,
  "mean_l1_recovered": 0.6999105980113726,
  "mean_l0_recovered": 5.358695652173913,
  "n_recovered_for_proximity": 92,
  "mlp_clean_count": 100,
  "mlp_clean_rate": 1.0,
  "verified_count": 100,
  "verified_clean_count": 92,
  "verified_clean_rate": 0.92,
  "false_success_count": 8,
  "false_success_rate": 0.08,
  "missed_clean_count": 0,
  "build_fail_count": 0,
  "mean_start_overlap_mm3": 281156.11637543864,
  "median_start_overlap_mm3": 2078.8225410195478,
  "mean_final_overlap_mm3": 34.083141754813305,
  "median_final_overlap_mm3": 0.0,
  "mean_log10_overlap_reduction": 11.496698493575071,
  "sweep": [
    {
      "gate": "reg",
      "tau_decide_mm3": 1.0,
      "p_star": null,
      "verified_count": 100,
      "verified_clean_count": 92,
      "false_success_count": 8,
      "mlp_clean_count": 100,
      "proximity_n": 92,
      "mean_l2": 0.32343964621647,
      "mean_l1": 0.6999105980113726,
      "mean_l0": 5.358695652173913,
      "mean_final_overlap_mm3": 34.083141754813305
    },
    {
      "gate": "reg",
      "tau_decide_mm3": 0.5,
      "p_star": null,
      "verified_count": 100,
      "verified_clean_count": 94,
      "false_success_count": 6,
      "mlp_clean_count": 100,
      "proximity_n": 94,
      "mean_l2": 0.3188625410962912,
      "mean_l1": 0.693260153685454,
      "mean_l0": 5.404255319148936,
      "mean_final_overlap_mm3": 34.00054290866158
    },
    {
      "gate": "reg",
      "tau_decide_mm3": 0.1,
      "p_star": null,
      "verified_count": 100,
      "verified_clean_count": 98,
      "false_success_count": 2,
      "mlp_clean_count": 100,
      "proximity_n": 98,
      "mean_l2": 0.31685246455858435,
      "mean_l1": 0.6952005447307186,
      "mean_l0": 5.459183673469388,
      "mean_final_overlap_mm3": 29.000981311943566
    },
    {
      "gate": "reg",
      "tau_decide_mm3": 0.01,
      "p_star": null,
      "verified_count": 100,
      "verified_clean_count": 99,
      "false_success_count": 0,
      "mlp_clean_count": 99,
      "proximity_n": 99,
      "mean_l2": 0.3247838136517933,
      "mean_l1": 0.7207852363225123,
      "mean_l0": 5.666666666666667,
      "mean_final_overlap_mm3": 28.91374571230848
    }
  ],
  "wall_s_total": 179.49269854201702,
  "wall_s_per_start": 1.7949269854201702
}
