{
  "verification": "cad",
  "tau_mm3": 1.0,
  "tau_decide_mm3": 1.0,
  "binary_p_star": null,
  "seed": 12345,
  "n_starts": 100,
  "n_changed": 91,
  "n_unchanged": 9,
  "changed_rate": 0.91,
  "mean_normalized_distance": 0.3136230986894102,
  "median_normalized_distance": 0.18377383136564274,
  "mean_normalized_distance_changed": 0.34464076779056074,
  "mean_l1": 0.6712955682045002,
  "median_l1": 0.399696204957833,
  "mean_active_coordinates": 4.9,
  "median_active_coordinates": 5.0,
  "mean_l2_recovered": 0.3400414635406295,
  "mean_l1_recovered": 0.7285085092655592,
  "mean_l0_recovered": 5.363636363636363,
  "n_recovered_for_proximity": 88,
  "mlp_clean_count": 100,
  "mlp_clean_rate": 1.0,
  "verified_count": 100,
  "verified_clean_count": 88,
  "verified_clean_rate": 0.88,
  "false_success_count": 12,
  "false_success_rate": 0.12,
  "missed_clean_count": 0,
  "build_fail_count": 0,
  "mean_start_overlap_mm3": 281156.11637543864,
  "median_start_overlap_mm3": 2078.8225410195478,
  "mean_final_overlap_mm3": 213.77849672469117,
  "median_final_overlap_mm3": 0.0,
  "mean_log10_overlap_reduction": 11.107910283093752,
  "sweep": [
    {
      "gate": "reg",
      "tau_decide_mm3": 1.0,
      "p_star": null,
      "verified_count": 100,
      "verified_clean_count": 88,
      "false_success_count": 12,
      "mlp_clean_count": 100,
      "proximity_n": 88,
      "mean_l2": 0.3400414635406295,
      "mean_l1": 0.7285085092655592,
      "mean_l0": 5.363636363636363,
      "mean_final_overlap_mm3": 213.77849672469117
    },
    {
      "gate": "reg",
      "tau_decide_mm3": 0.5,
      "p_star": null,
      "verified_count": 100,
      "verified_clean_count": 92,
      "false_success_count": 8,
      "mlp_clean_count": 100,
      "proximity_n": 92,
      "mean_l2": 0.34232373334499266,
      "mean_l1": 0.732448514108115,
      "mean_l0": 5.3478260869565215,
      "mean_final_overlap_mm3": 213.6702587337162
    },
    {
      "gate": "reg",
      "tau_decide_mm3": 0.1,
      "p_star": null,
      "verified_count": 100,
      "verified_clean_count": 100,
      "false_success_count": 0,
      "mlp_clean_count": 100,
      "proximity_n": 100,
      "mean_l2": 0.34632199637607736,
      "mean_l1": 0.7511826245253872,
      "mean_l0": 5.52,
      "mean_final_overlap_mm3": 0.0
    },
    {
      "gate": "reg",
      "tau_decide_mm3": 0.01,
      "p_star": null,
      "verified_count": 100,
      "verified_clean_count": 100,
      "false_success_count": 0,
      "mlp_clean_count": 98,
      "proximity_n": 100,
      "mean_l2": 0.3654049534917395,
      "mean_l1": 0.8107307147389313,
      "mean_l0": 5.87,
      "mean_final_overlap_mm3": 0.0
    }
  ],
  "wall_s_total": 171.4441920419922,
  "wall_s_per_start": 1.7144419204199222
}
