{
  "verification": "cad",
  "tau_mm3": 1.0,
  "tau_decide_mm3": 1.0,
  "binary_p_star": null,
  "seed": 12345,
  "n_starts": 100,
  "n_changed": 91,
  "n_unchanged": 9,
  "changed_rate": 0.91,
  "mean_normalized_distance": 0.27605561699434467,
  "median_normalized_distance": 0.18191411622830062,
  "mean_normalized_distance_changed": 0.30335782087290625,
  "mean_l1": 0.6079138156085463,
  "median_l1": 0.38758704392078214,
  "mean_active_coordinates": 5.7,
  "median_active_coordinates": 5.0,
  "mean_l2_recovered": 0.29925454228550763,
  "mean_l1_recovered": 0.6607310338997351,
  "mean_l0_recovered": 6.275862068965517,
  "n_recovered_for_proximity": 87,
  "mlp_clean_count": 100,
  "mlp_clean_rate": 1.0,
  "verified_count": 100,
  "verified_clean_count": 87,
  "verified_clean_rate": 0.87,
  "false_success_count": 13,
  "false_success_rate": 0.13,
  "missed_clean_count": 0,
  "build_fail_count": 0,
  "mean_start_overlap_mm3": 281156.11637543864,
  "median_start_overlap_mm3": 2078.8225410195478,
  "mean_final_overlap_mm3": 213.8295832968619,
  "median_final_overlap_mm3": 0.0,
  "mean_log10_overlap_reduction": 11.010827215461978,
  "sweep": [
    {
      "gate": "reg",
      "tau_decide_mm3": 1.0,
      "p_star": null,
      "verified_count": 100,
      "verified_clean_count": 87,
      "false_success_count": 13,
      "mlp_clean_count": 100,
      "proximity_n": 87,
      "mean_l2": 0.29925454228550763,
      "mean_l1": 0.6607310338997351,
      "mean_l0": 6.275862068965517,
      "mean_final_overlap_mm3": 213.8295832968619
    },
    {
      "gate": "reg",
      "tau_decide_mm3": 0.5,
      "p_star": null,
      "verified_count": 100,
      "verified_clean_count": 91,
      "false_success_count": 9,
      "mlp_clean_count": 100,
      "proximity_n": 91,
      "mean_l2": 0.30309499713253163,
      "mean_l1": 0.6671385939191498,
      "mean_l0": 6.21978021978022,
      "mean_final_overlap_mm3": 213.7213453058869
    },
    {
      "gate": "reg",
      "tau_decide_mm3": 0.1,
      "p_star": null,
      "verified_count": 100,
      "verified_clean_count": 99,
      "false_success_count": 1,
      "mlp_clean_count": 100,
      "proximity_n": 99,
      "mean_l2": 0.3073388642780729,
      "mean_l1": 0.6859850448816921,
      "mean_l0": 6.393939393939394,
      "mean_final_overlap_mm3": 0.05108657217068843
    },
    {
      "gate": "reg",
      "tau_decide_mm3": 0.01,
      "p_star": null,
      "verified_count": 100,
      "verified_clean_count": 99,
      "false_success_count": 1,
      "mlp_clean_count": 99,
      "proximity_n": 99,
      "mean_l2": 0.31935483033410605,
      "mean_l1": 0.7218872826527436,
      "mean_l0": 6.686868686868687,
      "mean_final_overlap_mm3": 0.05108657217068843
    }
  ],
  "wall_s_total": 197.46501391698257,
  "wall_s_per_start": 1.9746501391698257
}
