{
  "verification": "cad",
  "tau_mm3": 1.0,
  "tau_decide_mm3": 1.0,
  "binary_p_star": null,
  "seed": 12345,
  "n_starts": 100,
  "n_changed": 94,
  "n_unchanged": 6,
  "changed_rate": 0.94,
  "mean_normalized_distance": 0.46453946008420716,
  "median_normalized_distance": 0.5007032351716998,
  "mean_normalized_distance_changed": 0.4941909149831991,
  "mean_l1": 1.4363315777044454,
  "median_l1": 1.4010887491742543,
  "mean_active_coordinates": 22.57,
  "median_active_coordinates": 24.0,
  "mean_l2_recovered": 0.4816774256361243,
  "mean_l1_recovered": 1.4851181934685413,
  "mean_l0_recovered": 23.98913043478261,
  "n_recovered_for_proximity": 92,
  "mlp_clean_count": 99,
  "mlp_clean_rate": 0.99,
  "verified_count": 100,
  "verified_clean_count": 92,
  "verified_clean_rate": 0.92,
  "false_success_count": 7,
  "false_success_rate": 0.07,
  "missed_clean_count": 0,
  "build_fail_count": 0,
  "mean_start_overlap_mm3": 281156.11637543864,
  "median_start_overlap_mm3": 2078.8225410195478,
  "mean_final_overlap_mm3": 434.72098511174795,
  "median_final_overlap_mm3": 0.0,
  "mean_log10_overlap_reduction": 11.485590776904148,
  "sweep": [
    {
      "gate": "reg",
      "tau_decide_mm3": 1.0,
      "p_star": null,
      "verified_count": 100,
      "verified_clean_count": 92,
      "false_success_count": 7,
      "mlp_clean_count": 99,
      "proximity_n": 92,
      "mean_l2": 0.4816774256361243,
      "mean_l1": 1.4851181934685413,
      "mean_l0": 23.98913043478261,
      "mean_final_overlap_mm3": 434.72098511174795
    },
    {
      "gate": "reg",
      "tau_decide_mm3": 0.5,
      "p_star": null,
      "verified_count": 100,
      "verified_clean_count": 94,
      "false_success_count": 5,
      "mlp_clean_count": 97,
      "proximity_n": 94,
      "mean_l2": 0.4790775308883984,
      "mean_l1": 1.4790978284546037,
      "mean_l0": 23.925531914893618,
      "mean_final_overlap_mm3": 434.6383862655962
    },
    {
      "gate": "reg",
      "tau_decide_mm3": 0.1,
      "p_star": null,
      "verified_count": 100,
      "verified_clean_count": 97,
      "false_success_count": 2,
      "mlp_clean_count": 94,
      "proximity_n": 97,
      "mean_l2": 0.48964978809787807,
      "mean_l1": 1.5361751084943016,
      "mean_l0": 23.835051546391753,
      "mean_final_overlap_mm3": 434.4988127480803
    },
    {
      "gate": "reg",
      "tau_decide_mm3": 0.01,
      "p_star": null,
      "verified_count": 100,
      "verified_clean_count": 98,
      "false_success_count": 1,
      "mlp_clean_count": 83,
      "proximity_n": 98,
      "mean_l2": 0.4983437055435843,
      "mean_l1": 1.5848829854110218,
      "mean_l0": 23.816326530612244,
      "mean_final_overlap_mm3": 434.4115771484452
    }
  ],
  "aero_preserve": {
    "operating_param": "alpha",
    "operating_strength": 0.9,
    "n_with_aero": 100,
    "n_success_for_aero": 91,
    "n_excluded_degenerate_baseline": 1,
    "median_R_aero": 0.12655580158585886,
    "iqr_R_aero": 0.14702233037615878,
    "p90_R_aero": 0.37298240982687714,
    "median_D_aero": 0.016016370915039272,
    "within_standardized_radius_0p5": 0.945054945054945,
    "within_standardized_radius_1p0": 0.989010989010989,
    "per_metric_median_abs_standardized": {
      "L_D_vlm": 0.04679047012926094,
      "CD0": 0.039833239885841504,
      "CL_vlm": 0.03887525130674931,
      "Cm_vlm": 0.04377206050586322
    },
    "per_metric_median_abs_rel_reportable": {
      "L_D_vlm": 0.02416633156584609,
      "CD0": 0.009189883778098758
    },
    "aero_budget_fallback_count": 0,
    "projection_fallback_count": 0
  },
  "wall_s_total": 289.89754458295647,
  "wall_s_per_start": 2.898975445829565
}
