{
  "verification": "cad",
  "tau_mm3": 1.0,
  "tau_decide_mm3": 1.0,
  "binary_p_star": null,
  "seed": 12345,
  "n_starts": 100,
  "n_changed": 94,
  "n_unchanged": 6,
  "changed_rate": 0.94,
  "mean_normalized_distance": 0.1520145653616905,
  "median_normalized_distance": 0.09872377124754923,
  "mean_normalized_distance_changed": 0.16171762272520265,
  "mean_l1": 0.37924411366248134,
  "median_l1": 0.2584183585728098,
  "mean_active_coordinates": 8.85,
  "median_active_coordinates": 10.0,
  "mean_l2_recovered": 0.15155758065843697,
  "mean_l1_recovered": 0.3826466086166802,
  "mean_l0_recovered": 9.582278481012658,
  "n_recovered_for_proximity": 79,
  "mlp_clean_count": 93,
  "mlp_clean_rate": 0.93,
  "verified_count": 100,
  "verified_clean_count": 79,
  "verified_clean_rate": 0.79,
  "false_success_count": 17,
  "false_success_rate": 0.17,
  "missed_clean_count": 3,
  "build_fail_count": 0,
  "mean_start_overlap_mm3": 281156.11637543864,
  "median_start_overlap_mm3": 2078.8225410195478,
  "mean_final_overlap_mm3": 34677.06950161704,
  "median_final_overlap_mm3": 0.0,
  "mean_log10_overlap_reduction": 9.89290649891774,
  "sweep": [
    {
      "gate": "reg",
      "tau_decide_mm3": 1.0,
      "p_star": null,
      "verified_count": 100,
      "verified_clean_count": 79,
      "false_success_count": 17,
      "mlp_clean_count": 93,
      "proximity_n": 79,
      "mean_l2": 0.15155758065843697,
      "mean_l1": 0.3826466086166802,
      "mean_l0": 9.582278481012658,
      "mean_final_overlap_mm3": 34677.06950161704
    },
    {
      "gate": "reg",
      "tau_decide_mm3": 0.5,
      "p_star": null,
      "verified_count": 100,
      "verified_clean_count": 92,
      "false_success_count": 3,
      "mlp_clean_count": 91,
      "proximity_n": 92,
      "mean_l2": 0.1560564700823693,
      "mean_l1": 0.4015136979264345,
      "mean_l0": 9.51086956521739,
      "mean_final_overlap_mm3": 34658.2765907106
    },
    {
      "gate": "reg",
      "tau_decide_mm3": 0.1,
      "p_star": null,
      "verified_count": 100,
      "verified_clean_count": 94,
      "false_success_count": 1,
      "mlp_clean_count": 86,
      "proximity_n": 94,
      "mean_l2": 0.19476161207689338,
      "mean_l1": 0.5033562692330042,
      "mean_l0": 9.787234042553191,
      "mean_final_overlap_mm3": 34658.23938483331
    },
    {
      "gate": "reg",
      "tau_decide_mm3": 0.01,
      "p_star": null,
      "verified_count": 100,
      "verified_clean_count": 95,
      "false_success_count": 0,
      "mlp_clean_count": 80,
      "proximity_n": 95,
      "mean_l2": 0.23806144325013706,
      "mean_l1": 0.6095432080851376,
      "mean_l0": 9.715789473684211,
      "mean_final_overlap_mm3": 34658.152149233676
    }
  ],
  "wall_s_total": 467.6866453329858,
  "wall_s_per_start": 4.676866453329858
}
