{
  "verification": "cad",
  "tau_mm3": 1.0,
  "tau_decide_mm3": 1.0,
  "binary_p_star": null,
  "seed": 12345,
  "n_starts": 100,
  "n_changed": 91,
  "n_unchanged": 9,
  "changed_rate": 0.91,
  "mean_normalized_distance": 0.12138678722501436,
  "median_normalized_distance": 0.06677821547074264,
  "mean_normalized_distance_changed": 0.1333920738736422,
  "mean_l1": 0.29486078124805926,
  "median_l1": 0.1679812835365577,
  "mean_active_coordinates": 7.1,
  "median_active_coordinates": 8.0,
  "mean_l2_recovered": 0.12444912717246648,
  "mean_l1_recovered": 0.2988752374464294,
  "mean_l0_recovered": 7.953125,
  "n_recovered_for_proximity": 64,
  "mlp_clean_count": 97,
  "mlp_clean_rate": 0.97,
  "verified_count": 100,
  "verified_clean_count": 64,
  "verified_clean_rate": 0.64,
  "false_success_count": 33,
  "false_success_rate": 0.33,
  "missed_clean_count": 0,
  "build_fail_count": 0,
  "mean_start_overlap_mm3": 281156.11637543864,
  "median_start_overlap_mm3": 2078.8225410195478,
  "mean_final_overlap_mm3": 5137.538510564042,
  "median_final_overlap_mm3": 0.0,
  "mean_log10_overlap_reduction": 8.155965097489139,
  "sweep": [
    {
      "gate": "reg",
      "tau_decide_mm3": 1.0,
      "p_star": null,
      "verified_count": 100,
      "verified_clean_count": 64,
      "false_success_count": 33,
      "mlp_clean_count": 97,
      "proximity_n": 64,
      "mean_l2": 0.12444912717246648,
      "mean_l1": 0.2988752374464294,
      "mean_l0": 7.953125,
      "mean_final_overlap_mm3": 5137.538510564042
    },
    {
      "gate": "reg",
      "tau_decide_mm3": 0.5,
      "p_star": null,
      "verified_count": 100,
      "verified_clean_count": 80,
      "false_success_count": 17,
      "mlp_clean_count": 96,
      "proximity_n": 80,
      "mean_l2": 0.13071304143216428,
      "mean_l1": 0.3167288143878603,
      "mean_l0": 7.9,
      "mean_final_overlap_mm3": 4368.787839574571
    },
    {
      "gate": "reg",
      "tau_decide_mm3": 0.1,
      "p_star": null,
      "verified_count": 100,
      "verified_clean_count": 96,
      "false_success_count": 1,
      "mlp_clean_count": 94,
      "proximity_n": 96,
      "mean_l2": 0.15297334631347792,
      "mean_l1": 0.3731565906449393,
      "mean_l0": 7.927083333333333,
      "mean_final_overlap_mm3": 3779.351323563205
    },
    {
      "gate": "reg",
      "tau_decide_mm3": 0.01,
      "p_star": null,
      "verified_count": 100,
      "verified_clean_count": 95,
      "false_success_count": 1,
      "mlp_clean_count": 89,
      "proximity_n": 95,
      "mean_l2": 0.17657849561462657,
      "mean_l1": 0.41411621782519153,
      "mean_l0": 7.526315789473684,
      "mean_final_overlap_mm3": 3752.6886309213423
    }
  ],
  "wall_s_total": 711.4968154999951,
  "wall_s_per_start": 7.114968154999952
}
