{
  "verification": "cad",
  "tau_mm3": 1.0,
  "tau_decide_mm3": 1.0,
  "binary_p_star": null,
  "seed": 12345,
  "n_starts": 100,
  "n_changed": 94,
  "n_unchanged": 6,
  "changed_rate": 0.94,
  "mean_normalized_distance": 0.41094941410820285,
  "median_normalized_distance": 0.182811867343322,
  "mean_normalized_distance_changed": 0.43718022777468385,
  "mean_l1": 0.9806068666957402,
  "median_l1": 0.49212156164831955,
  "mean_active_coordinates": 6.52,
  "median_active_coordinates": 5.5,
  "mean_l2_recovered": 0.4026728923845766,
  "mean_l1_recovered": 0.9602333069738034,
  "mean_l0_recovered": 6.775280898876405,
  "n_recovered_for_proximity": 89,
  "mlp_clean_count": 89,
  "mlp_clean_rate": 0.89,
  "verified_count": 100,
  "verified_clean_count": 89,
  "verified_clean_rate": 0.89,
  "false_success_count": 6,
  "false_success_rate": 0.06,
  "missed_clean_count": 6,
  "build_fail_count": 0,
  "mean_start_overlap_mm3": 281156.11637543864,
  "median_start_overlap_mm3": 2078.8225410195478,
  "mean_final_overlap_mm3": 18887.876231913375,
  "median_final_overlap_mm3": 0.0,
  "mean_log10_overlap_reduction": 11.015337086789033,
  "sweep": [
    {
      "gate": "reg",
      "tau_decide_mm3": 1.0,
      "p_star": null,
      "verified_count": 100,
      "verified_clean_count": 89,
      "false_success_count": 6,
      "mlp_clean_count": 89,
      "proximity_n": 89,
      "mean_l2": 0.4026728923845766,
      "mean_l1": 0.9602333069738034,
      "mean_l0": 6.775280898876405,
      "mean_final_overlap_mm3": 18887.876231913375
    },
    {
      "gate": "reg",
      "tau_decide_mm3": 0.5,
      "p_star": null,
      "verified_count": 100,
      "verified_clean_count": 92,
      "false_success_count": 3,
      "mlp_clean_count": 87,
      "proximity_n": 92,
      "mean_l2": 0.3961318150325031,
      "mean_l1": 0.9465181222378483,
      "mean_l0": 6.728260869565218,
      "mean_final_overlap_mm3": 18887.63396298453
    },
    {
      "gate": "reg",
      "tau_decide_mm3": 0.1,
      "p_star": null,
      "verified_count": 100,
      "verified_clean_count": 94,
      "false_success_count": 1,
      "mlp_clean_count": 84,
      "proximity_n": 94,
      "mean_l2": 0.4078888704958651,
      "mean_l1": 1.0048516670578627,
      "mean_l0": 7.117021276595745,
      "mean_final_overlap_mm3": 18887.599168047072
    },
    {
      "gate": "reg",
      "tau_decide_mm3": 0.01,
      "p_star": null,
      "verified_count": 100,
      "verified_clean_count": 95,
      "false_success_count": 0,
      "mlp_clean_count": 84,
      "proximity_n": 95,
      "mean_l2": 0.41890345418076697,
      "mean_l1": 1.0495054035366127,
      "mean_l0": 7.484210526315789,
      "mean_final_overlap_mm3": 18887.511932447436
    }
  ],
  "wall_s_total": 198.35605770800612,
  "wall_s_per_start": 1.9835605770800613
}
