{
  "run_id": "multitask_al_probe_v2",
  "model": "multitask_overlap (volume + binary heads)",
  "acquisition": "binary head ensemble uncertainty",
  "seeds": [
    360101,
    360202,
    360303
  ],
  "budgets": [
    2000,
    3000,
    5000,
    7500,
    10000,
    12500,
    15000
  ],
  "bases": [
    3000,
    5000,
    10000
  ],
  "strategies": [
    "binary_variance",
    "binary_entropy",
    "binary_uncertainty"
  ],
  "headline_metric": "mae_log",
  "random_final_mae_log_mean": 0.3823526867570198,
  "random_final_mae_log_std": 0.026283905930077452,
  "best_active_final": {
    "strategy": "binary_entropy",
    "series": "active_base5000",
    "budget": 15000,
    "n_seeds": 3,
    "acquisition_events_mean": 32.0,
    "acquisition_events_std": 0.0,
    "bin_accuracy_mean": 0.9322666666666667,
    "bin_accuracy_std": 0.00530994873379727,
    "bin_auc_mean": 0.9692381595140311,
    "bin_auc_std": 0.0058681432453224595,
    "bin_balanced_accuracy_mean": 0.9336618485116883,
    "bin_balanced_accuracy_std": 0.004962631935840508,
    "bin_f1_mean": 0.9316838970124746,
    "bin_f1_std": 0.0061017337500349255,
    "bin_positive_rate_true_mean": 0.5174,
    "bin_positive_rate_true_std": 0.0,
    "bin_precision_mean": 0.9734711209352985,
    "bin_precision_std": 0.006280325182515713,
    "bin_recall_mean": 0.8935704161834815,
    "bin_recall_std": 0.015540110700295059,
    "mae_bin_clean_or_below_threshold_mean": 1.2109824673214261e-05,
    "mae_bin_clean_or_below_threshold_std": 1.509290492769054e-06,
    "mae_bin_large_mean": 0.005911834447380345,
    "mae_bin_large_std": 0.00021374426696784503,
    "mae_bin_moderate_mean": 0.0010188592661625516,
    "mae_bin_moderate_std": 2.222246121687905e-05,
    "mae_bin_small_mean": 0.0003311368810741345,
    "mae_bin_small_std": 1.493347361522271e-05,
    "mae_bin_tiny_mean": 0.00016043901511945656,
    "mae_bin_tiny_std": 1.3608787882377662e-05,
    "mae_dominant_bracket__main_pin_mean": 0.002186410954541584,
    "mae_dominant_bracket__main_pin_std": 0.00027372726077724634,
    "mae_dominant_bracket__splint_mean": 0.0008367267136151534,
    "mae_dominant_bracket__splint_std": 5.2106245133233325e-05,
    "mae_dominant_clean_mean": 1.2109824673214261e-05,
    "mae_dominant_clean_std": 1.509290492769054e-06,
    "mae_dominant_main_pin__splint_mean": 0.0028727610220047914,
    "mae_dominant_main_pin__splint_std": 5.884896133465775e-05,
    "mae_log_mean": 0.36604859179159793,
    "mae_log_std": 0.017477744023502606,
    "mae_norm_mean": 0.0012673263444897128,
    "mae_norm_std": 3.588089120282496e-05,
    "median_ae_norm_mean": 6.52380840620026e-05,
    "median_ae_norm_std": 3.6124375607245594e-06,
    "n_mean": 5000.0,
    "n_std": 0.0,
    "n_bin_clean_or_below_threshold_mean": 2413.0,
    "n_bin_clean_or_below_threshold_std": 0.0,
    "n_bin_large_mean": 867.0,
    "n_bin_large_std": 0.0,
    "n_bin_moderate_mean": 935.0,
    "n_bin_moderate_std": 0.0,
    "n_bin_small_mean": 605.0,
    "n_bin_small_std": 0.0,
    "n_bin_tiny_mean": 180.0,
    "n_bin_tiny_std": 0.0,
    "n_dominant_bracket__main_pin_mean": 600.0,
    "n_dominant_bracket__main_pin_std": 0.0,
    "n_dominant_bracket__splint_mean": 350.0,
    "n_dominant_bracket__splint_std": 0.0,
    "n_dominant_clean_mean": 2413.0,
    "n_dominant_clean_std": 0.0,
    "n_dominant_main_pin__splint_mean": 1637.0,
    "n_dominant_main_pin__splint_std": 0.0,
    "near_threshold_mae_norm_mean": 8.417198168684923e-05,
    "near_threshold_mae_norm_std": 8.928182113610457e-06,
    "pearson_norm_mean": 0.8501859259747794,
    "pearson_norm_std": 0.003972373656347229,
    "rmse_log_mean": 0.6429132751892369,
    "rmse_log_std": 0.031048818370610177,
    "rmse_norm_mean": 0.005143850770016334,
    "rmse_norm_std": 0.0003017944111880424,
    "spearman_norm_mean": 0.8700827068993081,
    "spearman_norm_std": 0.013306036542451759,
    "train_frac_clean_or_below_threshold_mean": 0.49222222222222217,
    "train_frac_clean_or_below_threshold_std": 0.004167718385784941,
    "train_frac_large_mean": 0.08642222222222222,
    "train_frac_large_std": 0.002287701957623325,
    "train_frac_moderate_mean": 0.18964444444444442,
    "train_frac_moderate_std": 0.003290540126026075,
    "train_frac_small_mean": 0.16377777777777777,
    "train_frac_small_std": 0.0027661088237253633,
    "train_frac_tiny_mean": 0.06793333333333333,
    "train_frac_tiny_std": 0.0013410885572990767,
    "train_overlap_positive_rate_mean": 0.5077777777777778,
    "train_overlap_positive_rate_std": 0.004167718385784942
  },
  "active_beats_random_at_final": true,
  "elapsed_s": 393.2221582090133,
  "plots": [
    "results/chapter6_overlap/figures/task25_multitask_al_probe_combined.png"
  ],
  "combined_plot": "results/chapter6_overlap/figures/task25_multitask_al_probe_combined.png"
}
