{
  "run_id": "task36_al_strategy_probe_v1",
  "seeds": [
    360101,
    360202,
    360303
  ],
  "budgets": [
    2000,
    3000,
    5000,
    7500,
    10000,
    12500,
    15000
  ],
  "bases": [
    3000,
    5000,
    10000
  ],
  "strategies": [
    "raw_variance",
    "log_variance",
    "near_threshold_log_variance",
    "stratified_log_variance"
  ],
  "headline_metric": "mae_log",
  "random_final_mae_log_mean": 0.40033606728375243,
  "random_final_mae_log_std": 0.02195396761653996,
  "best_active_final": {
    "strategy": "near_threshold_log_variance",
    "series": "active_base10000",
    "budget": 15000,
    "n_seeds": 3,
    "acquisition_events_mean": 32.0,
    "acquisition_events_std": 0.0,
    "mae_bin_clean_or_below_threshold_mean": 2.4985271087506306e-05,
    "mae_bin_clean_or_below_threshold_std": 3.998315954257985e-06,
    "mae_bin_large_mean": 0.003750149688285032,
    "mae_bin_large_std": 0.0001442597622813595,
    "mae_bin_moderate_mean": 0.0007875837337325992,
    "mae_bin_moderate_std": 4.195666260473502e-05,
    "mae_bin_small_mean": 0.0002856430568321835,
    "mae_bin_small_std": 2.5532120696080204e-05,
    "mae_bin_tiny_mean": 0.00011676460996781788,
    "mae_bin_tiny_std": 1.5222682360995676e-05,
    "mae_dominant_bracket__main_pin_mean": 0.002412255330080673,
    "mae_dominant_bracket__main_pin_std": 0.0003459144027447248,
    "mae_dominant_bracket__splint_mean": 0.0008096368354371565,
    "mae_dominant_bracket__splint_std": 1.412297795238542e-05,
    "mae_dominant_clean_mean": 2.4985271087506306e-05,
    "mae_dominant_clean_std": 3.998315954257985e-06,
    "mae_dominant_main_pin__splint_mean": 0.0014971754181486699,
    "mae_dominant_main_pin__splint_std": 4.4306231619073265e-05,
    "mae_log_mean": 0.3719554326857089,
    "mae_log_std": 0.020696446899126784,
    "mae_norm_mean": 0.000848378341818987,
    "mae_norm_std": 3.363262605294815e-05,
    "median_ae_norm_mean": 6.94776948269767e-05,
    "median_ae_norm_std": 7.706844249600609e-06,
    "n_mean": 5000.0,
    "n_std": 0.0,
    "n_bin_clean_or_below_threshold_mean": 2413.0,
    "n_bin_clean_or_below_threshold_std": 0.0,
    "n_bin_large_mean": 867.0,
    "n_bin_large_std": 0.0,
    "n_bin_moderate_mean": 935.0,
    "n_bin_moderate_std": 0.0,
    "n_bin_small_mean": 605.0,
    "n_bin_small_std": 0.0,
    "n_bin_tiny_mean": 180.0,
    "n_bin_tiny_std": 0.0,
    "n_dominant_bracket__main_pin_mean": 600.0,
    "n_dominant_bracket__main_pin_std": 0.0,
    "n_dominant_bracket__splint_mean": 350.0,
    "n_dominant_bracket__splint_std": 0.0,
    "n_dominant_clean_mean": 2413.0,
    "n_dominant_clean_std": 0.0,
    "n_dominant_main_pin__splint_mean": 1637.0,
    "n_dominant_main_pin__splint_std": 0.0,
    "near_threshold_mae_norm_mean": 9.376290972193109e-05,
    "near_threshold_mae_norm_std": 8.414618217209194e-06,
    "pearson_norm_mean": 0.914632599651504,
    "pearson_norm_std": 0.011869038209301085,
    "rmse_log_mean": 0.6545140404937766,
    "rmse_log_std": 0.02995324102991788,
    "rmse_norm_mean": 0.00264583799861878,
    "rmse_norm_std": 8.817804652226774e-05,
    "spearman_norm_mean": 0.8479105578524222,
    "spearman_norm_std": 0.008541545666649119,
    "train_frac_clean_or_below_threshold_mean": 0.43297777777777774,
    "train_frac_clean_or_below_threshold_std": 0.009295372537842898,
    "train_frac_large_mean": 0.15357777777777779,
    "train_frac_large_std": 0.006547000066942352,
    "train_frac_moderate_mean": 0.23782222222222224,
    "train_frac_moderate_std": 0.007880652977896224,
    "train_frac_small_mean": 0.1335111111111111,
    "train_frac_small_std": 0.0062330857546396175,
    "train_frac_tiny_mean": 0.042111111111111106,
    "train_frac_tiny_std": 0.002969640623391787,
    "train_overlap_positive_rate_mean": 0.5670222222222222,
    "train_overlap_positive_rate_std": 0.009295372537842878
  },
  "active_beats_random_at_final": true,
  "elapsed_s": 749.0488614999922,
  "plots": [
    "results/chapter6_overlap/figures/task25_al_strategy_probe_combined.png"
  ],
  "combined_plot": "results/chapter6_overlap/figures/task25_al_strategy_probe_combined.png"
}
