{
  "verification": "cad",
  "tau_mm3": 1.0,
  "tau_decide_mm3": 1.0,
  "binary_p_star": null,
  "seed": 12345,
  "n_starts": 100,
  "n_changed": 94,
  "n_unchanged": 6,
  "changed_rate": 0.94,
  "mean_normalized_distance": 0.43139545373735766,
  "median_normalized_distance": 0.36026542306317255,
  "mean_normalized_distance_changed": 0.4589313337631465,
  "mean_l1": 1.0104384130673545,
  "median_l1": 0.7732237839679701,
  "mean_active_coordinates": 5.69,
  "median_active_coordinates": 5.0,
  "mean_l2_recovered": 0.4256459706195821,
  "mean_l1_recovered": 0.9937518984025837,
  "mean_l0_recovered": 5.842696629213483,
  "n_recovered_for_proximity": 89,
  "mlp_clean_count": 89,
  "mlp_clean_rate": 0.89,
  "verified_count": 100,
  "verified_clean_count": 89,
  "verified_clean_rate": 0.89,
  "false_success_count": 6,
  "false_success_rate": 0.06,
  "missed_clean_count": 6,
  "build_fail_count": 0,
  "mean_start_overlap_mm3": 281156.11637543864,
  "median_start_overlap_mm3": 2078.8225410195478,
  "mean_final_overlap_mm3": 18887.876231913375,
  "median_final_overlap_mm3": 0.0,
  "mean_log10_overlap_reduction": 11.015337086789033,
  "sweep": [
    {
      "gate": "reg",
      "tau_decide_mm3": 1.0,
      "p_star": null,
      "verified_count": 100,
      "verified_clean_count": 89,
      "false_success_count": 6,
      "mlp_clean_count": 89,
      "proximity_n": 89,
      "mean_l2": 0.4256459706195821,
      "mean_l1": 0.9937518984025837,
      "mean_l0": 5.842696629213483,
      "mean_final_overlap_mm3": 18887.876231913375
    },
    {
      "gate": "reg",
      "tau_decide_mm3": 0.5,
      "p_star": null,
      "verified_count": 100,
      "verified_clean_count": 92,
      "false_success_count": 3,
      "mlp_clean_count": 87,
      "proximity_n": 92,
      "mean_l2": 0.41835577115114964,
      "mean_l1": 0.9789437161200378,
      "mean_l0": 5.826086956521739,
      "mean_final_overlap_mm3": 18887.63396298453
    },
    {
      "gate": "reg",
      "tau_decide_mm3": 0.1,
      "p_star": null,
      "verified_count": 100,
      "verified_clean_count": 94,
      "false_success_count": 1,
      "mlp_clean_count": 84,
      "proximity_n": 94,
      "mean_l2": 0.4324213357974072,
      "mean_l1": 1.0440946917455982,
      "mean_l0": 6.202127659574468,
      "mean_final_overlap_mm3": 18887.599168047072
    },
    {
      "gate": "reg",
      "tau_decide_mm3": 0.01,
      "p_star": null,
      "verified_count": 100,
      "verified_clean_count": 95,
      "false_success_count": 0,
      "mlp_clean_count": 84,
      "proximity_n": 95,
      "mean_l2": 0.4506648685325968,
      "mean_l1": 1.1070011045893255,
      "mean_l0": 6.536842105263158,
      "mean_final_overlap_mm3": 18887.511932447436
    }
  ],
  "wall_s_total": 181.4896703749837,
  "wall_s_per_start": 1.814896703749837
}
