{
  "verification": "cad",
  "tau_mm3": 1.0,
  "tau_decide_mm3": 1.0,
  "binary_p_star": null,
  "seed": 12345,
  "n_starts": 100,
  "n_changed": 94,
  "n_unchanged": 6,
  "changed_rate": 0.94,
  "mean_normalized_distance": 0.17871312939612405,
  "median_normalized_distance": 0.09903941540281173,
  "mean_normalized_distance_changed": 0.19012035042140857,
  "mean_l1": 0.41795010155940815,
  "median_l1": 0.2778714017430339,
  "mean_active_coordinates": 8.4,
  "median_active_coordinates": 10.0,
  "mean_l2_recovered": 0.16900263331704266,
  "mean_l1_recovered": 0.4128581823527644,
  "mean_l0_recovered": 9.233766233766234,
  "n_recovered_for_proximity": 77,
  "mlp_clean_count": 87,
  "mlp_clean_rate": 0.87,
  "verified_count": 100,
  "verified_clean_count": 77,
  "verified_clean_rate": 0.77,
  "false_success_count": 15,
  "false_success_rate": 0.15,
  "missed_clean_count": 5,
  "build_fail_count": 0,
  "mean_start_overlap_mm3": 281156.11637543864,
  "median_start_overlap_mm3": 2078.8225410195478,
  "mean_final_overlap_mm3": 41822.58616802851,
  "median_final_overlap_mm3": 0.0,
  "mean_log10_overlap_reduction": 9.6325934595024,
  "sweep": [
    {
      "gate": "reg",
      "tau_decide_mm3": 1.0,
      "p_star": null,
      "verified_count": 100,
      "verified_clean_count": 77,
      "false_success_count": 15,
      "mlp_clean_count": 87,
      "proximity_n": 77,
      "mean_l2": 0.16900263331704266,
      "mean_l1": 0.4128581823527644,
      "mean_l0": 9.233766233766234,
      "mean_final_overlap_mm3": 41822.58616802851
    },
    {
      "gate": "reg",
      "tau_decide_mm3": 0.5,
      "p_star": null,
      "verified_count": 100,
      "verified_clean_count": 86,
      "false_success_count": 6,
      "mlp_clean_count": 87,
      "proximity_n": 86,
      "mean_l2": 0.17041093590507098,
      "mean_l1": 0.42366458786578925,
      "mean_l0": 9.244186046511627,
      "mean_final_overlap_mm3": 41800.279495931805
    },
    {
      "gate": "reg",
      "tau_decide_mm3": 0.1,
      "p_star": null,
      "verified_count": 100,
      "verified_clean_count": 89,
      "false_success_count": 2,
      "mlp_clean_count": 80,
      "proximity_n": 89,
      "mean_l2": 0.2195410322299003,
      "mean_l1": 0.5509399994547864,
      "mean_l0": 9.280898876404494,
      "mean_final_overlap_mm3": 41799.98115532102
    },
    {
      "gate": "reg",
      "tau_decide_mm3": 0.01,
      "p_star": null,
      "verified_count": 100,
      "verified_clean_count": 91,
      "false_success_count": 0,
      "mlp_clean_count": 74,
      "proximity_n": 91,
      "mean_l2": 0.253457830851207,
      "mean_l1": 0.6315770521106626,
      "mean_l0": 9.175824175824175,
      "mean_final_overlap_mm3": 41798.61452115913
    }
  ],
  "wall_s_total": 486.0648142499849,
  "wall_s_per_start": 4.8606481424998496
}
