{
  "verification": "cad",
  "tau_mm3": 1.0,
  "tau_decide_mm3": 1.0,
  "binary_p_star": null,
  "seed": 12345,
  "n_starts": 100,
  "n_changed": 94,
  "n_unchanged": 6,
  "changed_rate": 0.94,
  "mean_normalized_distance": 0.3477147864538049,
  "median_normalized_distance": 0.1830423623354347,
  "mean_normalized_distance_changed": 0.3699093472912819,
  "mean_l1": 0.7730845978211173,
  "median_l1": 0.39757120140841085,
  "mean_active_coordinates": 5.14,
  "median_active_coordinates": 5.0,
  "mean_l2_recovered": 0.3611368324940858,
  "mean_l1_recovered": 0.8069785830457119,
  "mean_l0_recovered": 5.428571428571429,
  "n_recovered_for_proximity": 91,
  "mlp_clean_count": 98,
  "mlp_clean_rate": 0.98,
  "verified_count": 100,
  "verified_clean_count": 91,
  "verified_clean_rate": 0.91,
  "false_success_count": 7,
  "false_success_rate": 0.07,
  "missed_clean_count": 0,
  "build_fail_count": 0,
  "mean_start_overlap_mm3": 281156.11637543864,
  "median_start_overlap_mm3": 2078.8225410195478,
  "mean_final_overlap_mm3": 33299.32586463916,
  "median_final_overlap_mm3": 0.0,
  "mean_log10_overlap_reduction": 11.301730964839548,
  "sweep": [
    {
      "gate": "reg",
      "tau_decide_mm3": 1.0,
      "p_star": null,
      "verified_count": 100,
      "verified_clean_count": 91,
      "false_success_count": 7,
      "mlp_clean_count": 98,
      "proximity_n": 91,
      "mean_l2": 0.3611368324940858,
      "mean_l1": 0.8069785830457119,
      "mean_l0": 5.428571428571429,
      "mean_final_overlap_mm3": 33299.32586463916
    },
    {
      "gate": "reg",
      "tau_decide_mm3": 0.5,
      "p_star": null,
      "verified_count": 100,
      "verified_clean_count": 94,
      "false_success_count": 4,
      "mlp_clean_count": 98,
      "proximity_n": 94,
      "mean_l2": 0.3585438450148232,
      "mean_l1": 0.802185139934208,
      "mean_l0": 5.468085106382978,
      "mean_final_overlap_mm3": 33404.80893058263
    },
    {
      "gate": "reg",
      "tau_decide_mm3": 0.1,
      "p_star": null,
      "verified_count": 100,
      "verified_clean_count": 97,
      "false_success_count": 1,
      "mlp_clean_count": 98,
      "proximity_n": 97,
      "mean_l2": 0.3720603043917198,
      "mean_l1": 0.8437112309640334,
      "mean_l0": 5.65979381443299,
      "mean_final_overlap_mm3": 33199.44168185036
    },
    {
      "gate": "reg",
      "tau_decide_mm3": 0.01,
      "p_star": null,
      "verified_count": 100,
      "verified_clean_count": 98,
      "false_success_count": 0,
      "mlp_clean_count": 96,
      "proximity_n": 98,
      "mean_l2": 0.3939809680860573,
      "mean_l1": 0.9310788910690145,
      "mean_l0": 6.142857142857143,
      "mean_final_overlap_mm3": 33199.35444625072
    }
  ],
  "wall_s_total": 183.01922545800335,
  "wall_s_per_start": 1.8301922545800335
}
