{
  "verification": "cad",
  "tau_mm3": 1.0,
  "tau_decide_mm3": 1.0,
  "binary_p_star": null,
  "seed": 12345,
  "n_starts": 100,
  "n_changed": 94,
  "n_unchanged": 6,
  "changed_rate": 0.94,
  "mean_normalized_distance": 0.3399806979431097,
  "median_normalized_distance": 0.4546722983953301,
  "mean_normalized_distance_changed": 0.36168159355649976,
  "mean_l1": 0.7270189971210541,
  "median_l1": 0.9197476071565753,
  "mean_active_coordinates": 4.87,
  "median_active_coordinates": 5.0,
  "mean_l2_recovered": 0.35892804755252966,
  "mean_l1_recovered": 0.7688067047128184,
  "mean_l0_recovered": 5.173913043478261,
  "n_recovered_for_proximity": 92,
  "mlp_clean_count": 100,
  "mlp_clean_rate": 1.0,
  "verified_count": 100,
  "verified_clean_count": 92,
  "verified_clean_rate": 0.92,
  "false_success_count": 8,
  "false_success_rate": 0.08,
  "missed_clean_count": 0,
  "build_fail_count": 0,
  "mean_start_overlap_mm3": 281156.11637543864,
  "median_start_overlap_mm3": 2078.8225410195478,
  "mean_final_overlap_mm3": 34.083141754813305,
  "median_final_overlap_mm3": 0.0,
  "mean_log10_overlap_reduction": 11.496698493575071,
  "sweep": [
    {
      "gate": "reg",
      "tau_decide_mm3": 1.0,
      "p_star": null,
      "verified_count": 100,
      "verified_clean_count": 92,
      "false_success_count": 8,
      "mlp_clean_count": 100,
      "proximity_n": 92,
      "mean_l2": 0.35892804755252966,
      "mean_l1": 0.7688067047128184,
      "mean_l0": 5.173913043478261,
      "mean_final_overlap_mm3": 34.083141754813305
    },
    {
      "gate": "reg",
      "tau_decide_mm3": 0.5,
      "p_star": null,
      "verified_count": 100,
      "verified_clean_count": 94,
      "false_success_count": 6,
      "mlp_clean_count": 100,
      "proximity_n": 94,
      "mean_l2": 0.3544678526450097,
      "mean_l1": 0.7632392448666782,
      "mean_l0": 5.202127659574468,
      "mean_final_overlap_mm3": 34.00054290866158
    },
    {
      "gate": "reg",
      "tau_decide_mm3": 0.1,
      "p_star": null,
      "verified_count": 100,
      "verified_clean_count": 98,
      "false_success_count": 2,
      "mlp_clean_count": 100,
      "proximity_n": 98,
      "mean_l2": 0.35123021810211885,
      "mean_l1": 0.7630975703404925,
      "mean_l0": 5.26530612244898,
      "mean_final_overlap_mm3": 29.000981311943566
    },
    {
      "gate": "reg",
      "tau_decide_mm3": 0.01,
      "p_star": null,
      "verified_count": 100,
      "verified_clean_count": 99,
      "false_success_count": 0,
      "mlp_clean_count": 99,
      "proximity_n": 99,
      "mean_l2": 0.3619345356667647,
      "mean_l1": 0.7959456255745506,
      "mean_l0": 5.454545454545454,
      "mean_final_overlap_mm3": 28.91374571230848
    }
  ],
  "wall_s_total": 162.98513112499495,
  "wall_s_per_start": 1.6298513112499495
}
