{
  "verification": "cad",
  "tau_mm3": 1.0,
  "tau_decide_mm3": 1.0,
  "binary_p_star": null,
  "seed": 12345,
  "n_starts": 100,
  "n_changed": 94,
  "n_unchanged": 6,
  "changed_rate": 0.94,
  "mean_normalized_distance": 0.3563703358311476,
  "median_normalized_distance": 0.36496379411560026,
  "mean_normalized_distance_changed": 0.37911737854377403,
  "mean_l1": 0.8138240194682937,
  "median_l1": 0.811348727512432,
  "mean_active_coordinates": 5.72,
  "median_active_coordinates": 5.0,
  "mean_l2_recovered": 0.3765020146422265,
  "mean_l1_recovered": 0.860869742387915,
  "mean_l0_recovered": 6.076086956521739,
  "n_recovered_for_proximity": 92,
  "mlp_clean_count": 100,
  "mlp_clean_rate": 1.0,
  "verified_count": 100,
  "verified_clean_count": 92,
  "verified_clean_rate": 0.92,
  "false_success_count": 8,
  "false_success_rate": 0.08,
  "missed_clean_count": 0,
  "build_fail_count": 0,
  "mean_start_overlap_mm3": 281156.11637543864,
  "median_start_overlap_mm3": 2078.8225410195478,
  "mean_final_overlap_mm3": 47.06552112342585,
  "median_final_overlap_mm3": 0.0,
  "mean_log10_overlap_reduction": 11.505141148693635,
  "sweep": [
    {
      "gate": "reg",
      "tau_decide_mm3": 1.0,
      "p_star": null,
      "verified_count": 100,
      "verified_clean_count": 92,
      "false_success_count": 8,
      "mlp_clean_count": 100,
      "proximity_n": 92,
      "mean_l2": 0.3765020146422265,
      "mean_l1": 0.860869742387915,
      "mean_l0": 6.076086956521739,
      "mean_final_overlap_mm3": 47.06552112342585
    },
    {
      "gate": "reg",
      "tau_decide_mm3": 0.5,
      "p_star": null,
      "verified_count": 100,
      "verified_clean_count": 94,
      "false_success_count": 6,
      "mlp_clean_count": 100,
      "proximity_n": 94,
      "mean_l2": 0.37302514093885725,
      "mean_l1": 0.8580911650587721,
      "mean_l0": 6.223404255319149,
      "mean_final_overlap_mm3": 46.98292227727412
    },
    {
      "gate": "reg",
      "tau_decide_mm3": 0.1,
      "p_star": null,
      "verified_count": 100,
      "verified_clean_count": 98,
      "false_success_count": 2,
      "mlp_clean_count": 100,
      "proximity_n": 98,
      "mean_l2": 0.3714173225336059,
      "mean_l1": 0.8587382249991048,
      "mean_l0": 6.326530612244898,
      "mean_final_overlap_mm3": 46.40915103843865
    },
    {
      "gate": "reg",
      "tau_decide_mm3": 0.01,
      "p_star": null,
      "verified_count": 100,
      "verified_clean_count": 99,
      "false_success_count": 0,
      "mlp_clean_count": 95,
      "proximity_n": 99,
      "mean_l2": 0.3799913516251821,
      "mean_l1": 0.8979548980327169,
      "mean_l0": 6.595959595959596,
      "mean_final_overlap_mm3": 46.321915438803565
    }
  ],
  "wall_s_total": 199.20063779200427,
  "wall_s_per_start": 1.9920063779200428
}
